R2_Score,Mean_Squared_Error
0.04565826911947002,2555.3078682122964
