R2_Score,Mean_Squared_Error
0.13056664876001234,2327.9605317687265
